<?xml version="1.0" encoding="UTF-8"?>
<beans xmlns="http://www.springframework.org/schema/beans"
	xmlns:xsi="http://www.w3.org/2001/XMLSchema-instance"
	xsi:schemaLocation="http://www.springframework.org/schema/beans
						http://www.springframework.org/schema/beans/spring-beans-4.0.xsd">

	<bean id="mathService" class="beans.MathServiceImpl" > 
		<property name="sumService"> 
			<bean class="beans.SumServiceImpl"/>
		</property>
		<property name="diffService"> 
			<bean class="beans.DiffServiceImpl"/>
		</property>
	</bean>
	
</beans>

