<?xml version="1.0" encoding="UTF-8"?>
<beans xmlns="http://www.springframework.org/schema/beans"
	xmlns:xsi="http://www.w3.org/2001/XMLSchema-instance"
	xsi:schemaLocation="http://www.springframework.org/schema/beans
						http://www.springframework.org/schema/beans/spring-beans-4.0.xsd">

	<bean id="zoo" class="beans.Zoo">
	
		<property name="props">
			<props>
				<prop key="Pascal">Wirth</prop>
				<prop key="Eiffel">Meyer</prop>
			</props>
		</property>

		<property name="stringMap">
			<map>
				<entry>
					<key>
						<value>Pascal</value>
					</key>
					<value>Wirth</value>
				</entry>
				<entry key="Eiffel" value="Meyer" />
			</map>
		</property>

		<property name="languageMap">
			<map>
				<entry>
					<key>
						<value>Pascal</value>
					</key>
					<bean class="beans.Language">
						<constructor-arg value="Pascal" />
						<constructor-arg value="Wirth" />
					</bean>
				</entry>
				<entry>
					<key>
						<value>Eiffel</value>
					</key>
					<bean class="beans.Language">
						<constructor-arg value="Eiffel" />
						<constructor-arg value="Meyer" />
					</bean>
				</entry>
			</map>
		</property>
	</bean>

</beans>

