<?xml version="1.0" encoding="UTF-8"?>
<beans xmlns="http://www.springframework.org/schema/beans"
	xmlns:xsi="http://www.w3.org/2001/XMLSchema-instance"
	xsi:schemaLocation="http://www.springframework.org/schema/beans
						http://www.springframework.org/schema/beans/spring-beans-3.0.xsd">

	<bean id="reader" class="processor.impl.SimpleOrderReader">
		<constructor-arg value="src/main/resources/orders.txt" />
	</bean>
	<bean id="database" class="processor.impl.DatabaseDummy" />
	<bean id="printer" class="processor.impl.SimpleOrderPrinter" />

	<bean id="gcp" class="processor.impl.GroupChangeProcessorImpl">
		<constructor-arg ref="reader" />
		<constructor-arg ref="database" />
		<constructor-arg ref="printer" />
	</bean>

</beans>

